Workbook

Sheet Calculator
B2: MEN 201 · Biomass calculator
B3: Bhutan allometric biomass equations · UWICER & FRMD, DoFPS (2018) · 14 species and 2 general
B4: Above-ground biomass in kilograms. Predictor is basal area in m² (or BA × height in m³) — never DBH in cm.
B6: INPUTS — type over the shaded cells | F6: DBH-ONLY EQUATION
B7: Species | C7: General conifer | F7: b0 | G7: =IFERROR(VLOOKUP($C$7,Coefficients!$A$3:$R$18,5,FALSE),"")
B8: DBH over bark | C8: 25 | D8: cm | F8: b1 | G8: =IFERROR(VLOOKUP($C$7,Coefficients!$A$3:$R$18,6,FALSE),"")
B9: Total height (leave blank if unknown) | C9: 16 | D9: m | F9: b2 | G9: =IFERROR(VLOOKUP($C$7,Coefficients!$A$3:$R$18,7,FALSE),"")
F10: t1 | G10: =IFERROR(VLOOKUP($C$7,Coefficients!$A$3:$R$18,8,FALSE),"")
B11: Basal area BA | C11: =PI()*(C8/100)^2/4 | D11: m² | F11: t2 | G11: =IFERROR(VLOOKUP($C$7,Coefficients!$A$3:$R$18,9,FALSE),"")
B12: BA × height BAH | C12: =IF(C9="","",C11*C9) | D12: m³ | F12: t3 | G12: =IFERROR(VLOOKUP($C$7,Coefficients!$A$3:$R$18,10,FALSE),"")
F13: b3 (2nd spline) | G13: =IFERROR(VLOOKUP($C$7,Coefficients!$A$3:$R$18,11,FALSE),"")
B14: RANGE CHECK | F14: spline X2 | G14: =MAX(0,$C$11-$G$10)^3-MAX(0,$C$11-$G$11)^3*(($G$12-$G$10)/($G$12-$G$11))+MAX(0,$C$11-$G$12)^3*(($G$11-$G$10)/($G$12-$G$11))
B15: =IF($C$7="","choose a species",IF(OR($C$8<VLOOKUP($C$7,Coefficients!$A$3:$R$18,3,FALSE),$C$8>VLOOKUP($C$7,Coefficients!$A$3:$R$18,4,FALSE)),"OUTSIDE the fitted DBH range for this species — say so if you use it","Inside the fitted DBH range")) | F15: BIOMASS from DBH alone | G15: =G7+G8*C11+G9*G14+IF(G13="",0,G13*C11^3) | H15: kg
F17: DBH-AND-HEIGHT EQUATION
F18: b0 | G18: =IFERROR(VLOOKUP($C$7,Coefficients!$A$3:$R$18,12,FALSE),"")
B19: Fitted range for this species | C19: =IFERROR(TEXT(VLOOKUP($C$7,Coefficients!$A$3:$R$18,3,FALSE),"0.0")&" – "&TEXT(VLOOKUP($C$7,Coefficients!$A$3:$R$18,4,FALSE),"0.0")&" cm (n="&VLOOKUP($C$7,Coefficients!$A$3:$R$18,2,FALSE)&")","") | F19: b1 | G19: =IFERROR(VLOOKUP($C$7,Coefficients!$A$3:$R$18,13,FALSE),"")
F20: b2 | G20: =IFERROR(VLOOKUP($C$7,Coefficients!$A$3:$R$18,14,FALSE),"")
B21: Difference, DBH-only − DBH-and-height | C21: =IF(ISNUMBER(G26),G15-G26,"") | F21: t1 | G21: =IFERROR(VLOOKUP($C$7,Coefficients!$A$3:$R$18,15,FALSE),"")
B22: …as a % of the DBH-and-height figure | C22: =IF(ISNUMBER(G26),IF(G26=0,"",(G15-G26)/G26),"") | F22: t2 | G22: =IFERROR(VLOOKUP($C$7,Coefficients!$A$3:$R$18,16,FALSE),"")
F23: t3 | G23: =IFERROR(VLOOKUP($C$7,Coefficients!$A$3:$R$18,17,FALSE),"")
B24: Selection hierarchy: species-specific with height first; species-specific on diameter alone when reliable height is unavailable; a general equation only when no suitable species equation exists. | F24: b3 (2nd spline) | G24: =IFERROR(VLOOKUP($C$7,Coefficients!$A$3:$R$18,18,FALSE),"")
F25: spline X2 | G25: =MAX(0,$C$12-$G$21)^3-MAX(0,$C$12-$G$22)^3*(($G$23-$G$21)/($G$23-$G$22))+MAX(0,$C$12-$G$23)^3*(($G$22-$G$21)/($G$23-$G$22))
F26: BIOMASS from DBH and height | G26: =IF($C$9="","height needed",G18+G19*C12+G20*G25+IF(G24="",0,G24*C12^3)) | H26: kg

Sheet Coefficients
A1: UWICER & FRMD, DoFPS (2018) — Allometric Biomass Equations, Tables A and B. Biomass in kg; ba in m²; bah in m³.
A2: Species | B2: n | C2: DBH min | D2: DBH max | E2: BA b0 | F2: BA b1 | G2: BA b2 | H2: BA t1 | I2: BA t2 | J2: BA t3 | K2: BA b3 | L2: BAH b0 | M2: BAH b1 | N2: BAH b2 | O2: BAH t1 | P2: BAH t2 | Q2: BAH t3 | R2: BAH b3
A3: Abies densa | B3: 55 | C3: 5 | D3: 82 | E3: -5.76 | F3: 3436.38 | G3: 36408.9 | H3: 0.004562 | I3: 0.110447 | J3: 0.303648 | L3: 2.35313 | M3: 173.7675 | N3: -0.59995 | O3: 0.023989 | P3: 2.572786 | Q3: 10.73243
A4: Cupressus corneyana | B4: 32 | C4: 3.6 | D4: 88 | E4: -3.96 | F4: 4300 | G4: 50295 | H4: 0.003905 | I4: 0.098999 | J4: 0.37853 | L4: 1.22235 | M4: 165.16238 | N4: -0.31452 | O4: 0.024764 | P4: 3.498551 | Q4: 17.51606
A5: Juniperus recurva | B5: 32 | C5: 6 | D5: 68 | E5: -4.85 | F5: 3234 | G5: 26753 | H5: 0.006816 | I5: 0.075555 | J5: 0.263935 | L5: 4.08057 | M5: 201.65385 | N5: -2.18485 | O5: 0.059807 | P5: 1.436454 | Q5: 5.571413
A6: Larix griffithii | B6: 32 | C6: 5.2 | D6: 83 | E6: -3.84 | F6: 3455 | G6: 29738 | H6: 0.008396 | I6: 0.131148 | J6: 0.330317 | L6: 2.73648 | M6: 221.68872 | N6: -1.618 | O6: 0.069668 | P6: 2.894957 | Q6: 11.17016
A7: Picea spinulosa | B7: 48 | C7: 5.6 | D7: 87 | E7: -6.164 | F7: 3934 | G7: 43569 | H7: 0.006648 | I7: 0.113411 | J7: 0.321234 | L7: 5.539 | M7: 179.124 | N7: -0.396 | O7: 0.045708 | P7: 2.588578 | Q7: 12.01843
A8: Pinus roxburghii | B8: 51 | C8: 3 | D8: 77.8 | E8: -3.44 | F8: 5098 | G8: 56376 | H8: 0.0023 | I8: 0.1029 | J8: 0.368529 | L8: 0.93085 | M8: 286.67503 | N8: -0.939 | O8: 0.013202 | P8: 2.678307 | Q8: 14.03231
A9: Pinus wallichiana | B9: 52 | C9: 2.6 | D9: 95.8 | E9: -1.57 | F9: 3444 | G9: 55392 | H9: 0.00309 | I9: 0.098407 | J9: 0.394911 | L9: 0.63608 | M9: 195.88699 | N9: -0.6393 | O9: 0.02457 | P9: 2.424196 | Q9: 14.68175
A10: Tsuga dumosa | B10: 55 | C10: 4.5 | D10: 95 | E10: -4.8 | F10: 3854 | G10: 15174 | H10: 0.006181 | I10: 0.138544 | J10: 0.440845 | L10: 2.80713 | M10: 181.04279 | N10: -0.47106 | O10: 0.056836 | P10: 3.518025 | Q10: 15.82663
A11: Castanopsis tribuloides | B11: 32 | C11: 5 | D11: 89 | E11: 1.39 | F11: 5303 | G11: 2722 | H11: 0.007382 | I11: 0.134038 | J11: 0.40222 | K11: 4129 | L11: 13.01 | M11: 297 | N11: -2.34 | O11: 0.046199 | P11: 2.517564 | Q11: 10.00328 | R11: 3849
A12: Quercus glauca | B12: 34 | C12: 4.2 | D12: 77.3 | E12: -3.97 | F12: 6437 | G12: 36970 | H12: 0.006536 | I12: 0.099043 | J12: 0.374257 | L12: 2.73 | M12: 423 | N12: -4.22 | O12: 0.049256 | P12: 1.704485 | Q12: 10.86179
A13: Quercus griffithii | B13: 32 | C13: 8 | D13: 79.5 | E13: -9.38 | F13: 5438 | G13: 15835 | H13: 0.00731 | I13: 0.132139 | J13: 0.364998 | L13: 9.85 | M13: 261.6 | N13: -101 | O13: 0.07945 | P13: 2.914077 | Q13: 9.398556
A14: Quercus lanata | B14: 34 | C14: 3.3 | D14: 77.5 | E14: -0.77 | F14: 4500 | G14: 25308 | H14: 0.013335 | I14: 0.141882 | J14: 0.393956 | L14: 2.22 | M14: 341 | N14: -1.92 | O14: 0.120915 | P14: 2.224379 | Q14: 7.623232
A15: Rhododendron arboreum | B15: 35 | C15: 5.5 | D15: 58.4 | E15: -0.19 | F15: 1637 | G15: 43190 | H15: 0.006834 | I15: 0.091863 | J15: 0.207339 | L15: 1.87 | M15: 214 | N15: -1.38 | O15: 0.035309 | P15: 0.90026 | Q15: 2.678036
A16: Alnus nepalensis | B16: 32 | C16: 7 | D16: 77 | E16: -12.3 | F16: 5474 | G16: 1581 | H16: 0.008812 | I16: 0.131185 | J16: 0.415138 | L16: 15.1 | M16: 194 | N16: -0.44 | O16: 0.112019 | P16: 3.992085 | Q16: 14.19324
A17: General conifer | B17: 357 | C17: 2.6 | D17: 95.8 | E17: -12.3 | F17: 3299 | G17: 52756 | H17: 0.004927 | I17: 0.107521 | J17: 0.369822 | L17: 1.1209 | M17: 201.92169 | N17: -0.76344 | O17: 0.028401 | P17: 2.601966 | Q17: 13.99573
A18: General broadleaf | B18: 199 | C18: 3.3 | D18: 89 | E18: -1.06 | F18: 4341 | G18: 30173 | H18: 0.006648 | I18: 0.119459 | J18: 0.368977 | K18: 4013 | L18: 4.11 | M18: 302 | N18: -2.78 | O18: 0.055951 | P18: 1.770287 | Q18: 10.10082 | R18: 3697

Sheet Validation
B2: Checks against the figures taught in Unit VI
B4: DBH cm | C4: Height m | D4: DBH-only kg | E4: DBH+height kg
A5: General conifer | B5: 15 | D5: 46.1
A6: General conifer | B6: 25 | D6: 154.2
A7: General conifer | B7: 40 | D7: 494.7
A8: General conifer | B8: 60 | D8: 1656.9
A9: General conifer | B9: 29.5 | D9: 226.6
A10: Pinus wallichiana | B10: 25 | C10: 16 | D10: 172.9 | E10: 154.2
A11: Pinus wallichiana | B11: 25 | C11: 22 | D11: 172.9 | E11: 211.4
A12: Pinus wallichiana | B12: 45 | C12: 26 | D12: 740 | E12: 770.1
B14: Unit VI slide figures: 15 cm → 46.1 kg, 25 cm → 154.2 kg, 40 cm → 494.7 kg, 60 cm → 1 656.9 kg, mean tree 29.5 cm → 226 kg (general conifer, DBH only).
B15: Unit VI exercise: blue pine 25 cm/16 m and 25 cm/22 m give the same 172.9 kg on diameter alone, but 154.2 kg and 211.4 kg once height is used.
